<?xml version="1.0" encoding="utf-8"?>
<!DOCTYPE hibernate-mapping PUBLIC "-//Hibernate/Hibernate Mapping DTD 3.0//EN"
"http://hibernate.sourceforge.net/hibernate-mapping-3.0.dtd">
<!-- 
    Mapping file autogenerated by MyEclipse Persistence Tools
-->
<hibernate-mapping>
    <class name="com.model.Defen" table="t_defen">
        <id name="id" type="java.lang.Integer">
            <column name="id" />
            <generator class="increment" />
        </id>
         <property name="userId" type="java.lang.Integer">
            <column name="user_id" />
        </property>
        <property name="userName" type="java.lang.String">
            <column name="username" length="50" />
        </property>
        <property name="defen" type="java.lang.Integer">
            <column name="defen"  />
        </property>
         <property name="createDate" type="java.lang.String">
            <column name="create_date" length="50" />
        </property>
    </class>
</hibernate-mapping>
