<?xml version="1.0" encoding="utf-8"?>
<!DOCTYPE hibernate-mapping PUBLIC "-//Hibernate/Hibernate Mapping DTD 3.0//EN"
"http://hibernate.sourceforge.net/hibernate-mapping-3.0.dtd">
<!-- 
    Mapping file autogenerated by MyEclipse Persistence Tools
-->
<hibernate-mapping>
    <class name="com.model.TLiuyan" table="t_liuyan">
        <id name="liuyanId" type="java.lang.Integer">
            <column name="liuyan_id" />
            <generator class="increment" />
        </id>
        <property name="liuyanTitle" type="java.lang.String">
            <column name="liuyan_title" length="50" />
        </property>
        <property name="liuyanContent" type="java.lang.String">
            <column name="liuyan_content" length="5000" />
        </property>
        <property name="liuyanDate" type="java.lang.String">
            <column name="liuyan_date" length="50" />
        </property>
        <property name="liuyanUser" type="java.lang.String">
            <column name="liuyan_user" length="50" />
        </property>
         <property name="huifu" type="java.lang.String">
            <column name="huifu" length="2555" />
        </property>
         <property name="isHuifu" type="java.lang.String">
            <column name="isHuifu" length="10" />
        </property>
    </class>
</hibernate-mapping>
