<?xml version="1.0" encoding="utf-8"?>
<!DOCTYPE hibernate-mapping PUBLIC "-//Hibernate/Hibernate Mapping DTD 3.0//EN"
"http://hibernate.sourceforge.net/hibernate-mapping-3.0.dtd">
<!-- 
    Mapping file autogenerated by MyEclipse Persistence Tools
-->
<hibernate-mapping>
    <class name="com.model.TShipin" table="t_shipin">
        <id name="shipinId" type="java.lang.Integer">
            <column name="shipin_id" />
            <generator class="increment" />
        </id>
        <property name="shipinName" type="java.lang.String">
            <column name="shipin_name" length="50" />
        </property>
        <property name="shipinJianjie" type="java.lang.String">
            <column name="shipin_jianjie" length="5000" />
        </property>
        <property name="fujian" type="java.lang.String">
            <column name="fujian" length="50" />
        </property>
        <property name="fujianYuanshiming" type="java.lang.String">
            <column name="fujianYuanshiming" length="500" />
        </property>
         <property name="shijian" type="java.lang.String">
            <column name="shijian" length="50" />
        </property>
        <property name="del" type="java.lang.String">
            <column name="del" length="50" />
        </property>
    </class>
</hibernate-mapping>
