<?xml version="1.0" encoding="utf-8"?>
<!DOCTYPE hibernate-mapping PUBLIC "-//Hibernate/Hibernate Mapping DTD 3.0//EN"
"http://hibernate.sourceforge.net/hibernate-mapping-3.0.dtd">
<!-- 
    Mapping file autogenerated by MyEclipse Persistence Tools
-->
<hibernate-mapping>
    <class name="com.model.TShiti" table="t_shiti">
        <id name="id" type="java.lang.Integer">
            <column name="id" />
            <generator class="increment" />
        </id>
        <property name="mingcheng" type="java.lang.String">
            <column name="mingcheng" length="50" />
        </property>
        <property name="fujian" type="java.lang.String">
            <column name="fujian" length="50" />
        </property>
        <property name="fujianYuanshiming" type="java.lang.String">
            <column name="fujianYuanshiming" length="50" />
        </property>
        <property name="shijian" type="java.lang.String">
            <column name="shijian" length="50" />
        </property>
        <property name="del" type="java.lang.String">
            <column name="del" length="50" />
        </property>
        <property name="stuId" type="java.lang.Integer">
            <column name="stu_id" length="50" />
        </property>
        <property name="stuName" type="java.lang.String">
            <column name="stu_name" length="50" />
        </property>
    </class>
</hibernate-mapping>
