<?xml version="1.0" encoding="utf-8"?>
<!DOCTYPE hibernate-mapping PUBLIC "-//Hibernate/Hibernate Mapping DTD 3.0//EN"
"http://hibernate.sourceforge.net/hibernate-mapping-3.0.dtd">
<!-- 
    Mapping file autogenerated by MyEclipse Persistence Tools
-->
<hibernate-mapping>
    <class name="com.model.TTimu" table="t_timu">
        <id name="id" type="java.lang.Integer">
            <column name="id" />
            <generator class="increment" />
        </id>
        <property name="name" type="java.lang.String">
            <column name="name" length="500" />
        </property>
        <property name="xuanxianga" type="java.lang.String">
            <column name="xuanxianga" length="500" />
        </property>
        <property name="xuanxiangb" type="java.lang.String">
            <column name="xuanxiangb" length="500" />
        </property>
        <property name="xuanxiangc" type="java.lang.String">
            <column name="xuanxiangc" length="500" />
        </property>
        <property name="xuanxiangd" type="java.lang.String">
            <column name="xuanxiangd" length="500" />
        </property>
        <property name="daan" type="java.lang.String">
            <column name="daan" length="500" />
        </property>
        <property name="fenshu" type="java.lang.Integer">
            <column name="fenshu" />
        </property>
        <property name="del" type="java.lang.String">
            <column name="del" length="50" />
        </property>
    </class>
</hibernate-mapping>
