<?xml version="1.0" encoding="UTF-8" ?>

<!DOCTYPE struts PUBLIC   
     "-//Apache Software Foundation//DTD Struts Configuration 2.0//EN"   
     "http://struts.apache.org/dtds/struts-2.0.dtd">
     
     
<struts>
    <package name="liu" extends="struts-default">
        <global-results>
            <result name="succeed">/common/succeed.jsp</result>
            <result name="successAdd">/common/add_success.jsp</result>
            <result name="msg">/common/msg.jsp</result>
        </global-results>
        
        <action name="upload" class="com.util.upload" method="upload">
             <result name="success">/upload/upload_re.jsp</result>
        </action>
        
        <action name="index" class="indexAction" method="index">
            <result name="success">/qiantai/index.jsp</result>
        </action>
        
        
        <action name="adminAdd" class="adminAction" method="adminAdd">
        </action>
        <action name="adminDel" class="adminAction" method="adminDel">
        </action>
        <action name="adminManage" class="adminAction" method="adminManage">
            <result name="success">/admin/admin/adminManage.jsp</result>
        </action>
        
        
        <action name="stuReg" class="stuAction" method="stuReg">
        </action>
        <action name="stuMana" class="stuAction" method="stuMana">
            <result name="success">/admin/stu/stuMana.jsp</result>
        </action>
        <action name="stuShenhe" class="stuAction" method="stuShenhe">
        </action>
        <action name="stuDel" class="stuAction" method="stuDel">
        </action>
        <action name="stuEdit" class="stuAction" method="stuEdit">
        </action>
        
        
        
        
        
        <action name="teaAdd" class="teaAction" method="teaAdd">
        </action>
        <action name="teaDel" class="teaAction" method="teaDel">
        </action>
        <action name="teaMana" class="teaAction" method="teaMana">
            <result name="success">/admin/tea/teaMana.jsp</result>
        </action>
        <action name="teaEdit" class="teaAction" method="teaEdit">
        </action>
        
        <action name="liuyanMana" class="liuyanAction" method="liuyanMana">
             <result name="success">/admin/liuyan/liuyanMana.jsp</result>
        </action>
        <action name="liuyanAdd" class="liuyanAction" method="liuyanAdd">
        </action>
        <action name="liuyanDel" class="liuyanAction" method="liuyanDel">
        </action>
        <action name="liuyanAll" class="liuyanAction" method="liuyanAll">
             <result name="success">/qiantai/liuyan/liuyanAll.jsp</result>
        </action>
          <action name="liuyanhuifu" class="liuyanAction" method="liuyanMana">
             <result name="success">/atea/liuyan/liuyanMana.jsp</result>
        </action>
         <action name="huifu" class="liuyanAction" method="liuyanhuifu">
        </action>
         <action name="liuyanDetailQian" class="liuyanAction" method="liuyanDetailQian">
             <result name="success">/qiantai/liuyan/liuyanDetailQian.jsp</result>
        </action>
        <action name="gonggaoAdd" class="gonggaoAction" method="gonggaoAdd">
        </action>
        <action name="gonggaoDel" class="gonggaoAction" method="gonggaoDel">
        </action>
        <action name="gonggaoMana" class="gonggaoAction" method="gonggaoMana">
            <result>/admin/gonggao/gonggaoMana.jsp</result>
        </action>
        <action name="gonggaoDetail" class="gonggaoAction" method="gonggaoDetail">
            <result>/admin/gonggao/gonggaoDetail.jsp</result>
        </action>
        <action name="gonggaoQian5" class="gonggaoAction" method="gonggaoQian5">
            <result>/qiantai/gonggao/gonggaoQian5.jsp</result>
        </action>
        <action name="gonggaoDetailQian" class="gonggaoAction" method="gonggaoDetailQian">
            <result>/qiantai/gonggao/gonggaoDetailQian.jsp</result>
        </action>
        
        
        <action name="docAdd" class="docAction" method="docAdd">
        </action>
        <action name="docDel" class="docAction" method="docDel">
        </action>
        <action name="docMana" class="docAction" method="docMana">
            <result name="success">/atea/doc/docMana.jsp</result>
        </action>
        <action name="docAll" class="docAction" method="docAll">
            <result name="success">/qiantai/doc/docAll.jsp</result>
        </action>
        <action name="docDetailQian" class="docAction" method="docDetailQian">
            <result name="success">/qiantai/doc/docDetailQian.jsp</result>
        </action>
        
        
        <action name="shipinAdd" class="shipinAction" method="shipinAdd">
        </action>
        <action name="shipinDel" class="shipinAction" method="shipinDel">
        </action>
        <action name="shipinMana" class="shipinAction" method="shipinMana">
             <result>/atea/shipin/shipinMana.jsp</result>
        </action>
        <action name="shipinAll" class="shipinAction" method="shipinAll">
             <result>/qiantai/shipin/shipinAll.jsp</result>
        </action>
        <action name="shipinDetailQian" class="shipinAction" method="shipinDetailQian">
             <result>/qiantai/shipin/shipinDetailQian.jsp</result>
        </action>
        
        
        <action name="shitiAdd" class="shitiAction" method="shitiAdd">
        </action>
        <action name="shitiDel" class="shitiAction" method="shitiDel">
        </action>
        <action name="shitiMana" class="shitiAction" method="shitiMana">
            <result name="success">/atea/shiti/shitiMana.jsp</result>
        </action>
        <action name="shitiAll" class="shitiAction" method="shitiAll">
            <result name="success">/qiantai/shiti/shitiAll.jsp</result>
        </action>
      	 <action name="myShitiAdd" class="shitiAction" method="myShitiAdd">
        </action>
        <action name="myShiti" class="shitiAction" method="myShiti">
            <result name="success">/qiantai/shiti/myShiti.jsp</result>
        </action>
          <action name="myShitiDel" class="shitiAction" method="myShitiDel">
        </action>
        <action name="shitiDetailQian" class="shitiAction" method="shitiDetailQian">
            <result name="success">/qiantai/shiti/shitiDetailQian.jsp</result>
        </action>
        
        
        
        <action name="timuAdd" class="timuAction" method="timuAdd">
        </action>
        <action name="timuDel" class="timuAction" method="timuDel">
        </action>
        <action name="timuMana" class="timuAction" method="timuMana">
            <result name="success">/admin/timu/timuMana.jsp</result>
        </action>
        <action name="timuAll" class="timuAction" method="timuAll">
            <result name="success">/qiantai/timu/timuAll.jsp</result>
        </action>
        <action name="ziciDafen" class="timuAction" method="ziciDafen">
        </action>
        
        
        
        <action name="jingsaiAdd" class="jingsaiAction" method="jingsaiAdd">
        </action>
        <action name="jingsaiDel" class="jingsaiAction" method="jingsaiDel">
        </action>
        <action name="jingsaiMana" class="jingsaiAction" method="jingsaiMana">
            <result name="success">/admin/jingsai/jingsaiMana.jsp</result>
        </action>
        <action name="jingsaiAll" class="jingsaiAction" method="jingsaiAll">
            <result name="success">/qiantai/jingsai/jingsaiAll.jsp</result>
        </action>
        <action name="jingsaiDetailQian" class="jingsaiAction" method="jingsaiDetailQian">
            <result name="success">/qiantai/jingsai/jingsaiDetailQian.jsp</result>
        </action>
        
         <action name="getDefenList" class="DefenAction" method="getList">
            <result name="success">/atea/defen/defenList.jsp</result>
        </action>
    </package>
</struts>